Unnamed: 0,id,A,B,C,D,lab
0,0,a1,b1,c2,d3,l2
1,1,a1,b1,c1,d3,l2
2,2,a1,b1,c1,d3,l3
3,3,a1,b1,c3,d1,l2
4,4,a1,b2,c1,d2,l1
5,5,a1,b2,c3,d1,l2
6,6,a1,b2,c1,d1,l1
7,7,a1,b1,c2,d4,l2
8,8,a1,b1,c2,d1,l3
9,9,a1,b1,c2,d2,l3
10,10,a1,b2,c1,d1,l1
11,11,a1,b2,c2,d3,l2
12,12,a1,b2,c1,d4,l1
13,13,a1,b1,c1,d1,l2
14,14,a1,b1,c2,d4,l1
15,15,a1,b1,c2,d1,l2
16,16,a1,b1,c2,d1,l2
17,17,a1,b2,c3,d1,l1
18,18,a1,b1,c3,d1,l1
19,19,a1,b2,c1,d4,l2
20,20,a1,b1,c2,d1,l2
21,21,a1,b1,c1,d1,l3
22,22,a1,b1,c3,d1,l2
23,23,a1,b1,c1,d2,l1
24,24,a1,b1,c3,d1,l1
25,25,a1,b1,c2,d1,l2
26,26,a2,b1,c1,d1,l1
27,27,a1,b1,c2,d1,l3
28,28,a1,b2,c2,d3,l1
29,29,a1,b1,c2,d1,l2
30,30,a1,b1,c1,d1,l3
31,31,a1,b1,c3,d1,l3
32,32,a1,b1,c2,d2,l2
33,33,a1,b1,c3,d2,l1
34,34,a1,b2,c1,d1,l1
35,35,a1,b1,c2,d1,l2
36,36,a1,b1,c1,d2,l2
37,37,a1,b1,c2,d2,l3
38,38,a1,b1,c1,d1,l2
39,39,a1,b2,c1,d1,l1
40,40,a1,b2,c2,d4,l3
41,41,a1,b1,c2,d2,l2
42,42,a1,b1,c1,d1,l3
43,43,a1,b1,c2,d1,l3
44,44,a1,b1,c3,d3,l2
45,45,a1,b1,c2,d1,l1
46,46,a1,b1,c1,d3,l1
47,47,a1,b1,c1,d1,l3
48,48,a1,b1,c1,d2,l3
49,49,a1,b1,c2,d1,l1
50,50,a1,b1,c1,d1,l1
51,51,a2,b2,c1,d3,l3
52,52,a1,b1,c1,d1,l2
53,53,a1,b2,c3,d1,l3
54,54,a1,b1,c2,d1,l3
55,55,a1,b2,c2,d3,l3
56,56,a1,b2,c2,d2,l1
57,57,a1,b1,c3,d1,l3
58,58,a1,b1,c1,d3,l2
59,59,a1,b1,c2,d4,l3
60,60,a1,b1,c1,d1,l2
61,61,a1,b1,c1,d4,l1
62,62,a1,b1,c2,d2,l1
63,63,a1,b2,c2,d4,l1
64,64,a1,b1,c2,d3,l1
65,65,a1,b1,c2,d2,l2
66,66,a1,b2,c1,d2,l1
67,67,a1,b2,c1,d1,l3
68,68,a1,b1,c1,d1,l1
69,69,a2,b1,c1,d1,l2
70,70,a1,b1,c1,d2,l2
71,71,a1,b2,c2,d1,l3
72,72,a1,b1,c3,d4,l2
73,73,a1,b1,c1,d4,l3
74,74,a1,b2,c2,d2,l3
75,75,a1,b1,c1,d1,l2
76,76,a1,b2,c1,d1,l2
77,77,a1,b2,c2,d1,l2
78,78,a2,b1,c2,d1,l3
79,79,a1,b1,c2,d3,l1
80,80,a1,b1,c1,d4,l1
81,81,a1,b1,c1,d4,l3
82,82,a1,b1,c1,d1,l2
83,83,a1,b1,c1,d2,l2
84,84,a1,b1,c2,d4,l3
85,85,a1,b1,c1,d1,l1
86,86,a1,b1,c2,d4,l3
87,87,a1,b2,c2,d1,l1
88,88,a1,b1,c2,d1,l3
89,89,a1,b1,c1,d3,l1
90,90,a1,b2,c2,d4,l3
91,91,a1,b1,c2,d3,l2
92,92,a2,b1,c1,d1,l1
93,93,a1,b1,c1,d1,l2
94,94,a2,b2,c1,d1,l1
95,95,a1,b1,c1,d1,l2
96,96,a1,b2,c1,d1,l2
97,97,a1,b1,c3,d3,l3
98,98,a1,b2,c2,d1,l3
99,99,a1,b1,c1,d4,l3
100,100,a1,b1,c2,d2,l3
101,101,a1,b1,c3,d1,l2
102,102,a1,b1,c2,d1,l2
103,103,a1,b2,c1,d1,l3
104,104,a1,b2,c3,d4,l1
105,105,a1,b1,c2,d1,l1
106,106,a1,b1,c1,d2,l2
107,107,a1,b1,c2,d1,l3
108,108,a1,b1,c1,d1,l2
109,109,a1,b2,c1,d1,l1
110,110,a1,b1,c1,d2,l2
111,111,a1,b1,c2,d1,l1
112,112,a1,b1,c2,d2,l2
113,113,a1,b1,c2,d3,l3
114,114,a1,b1,c1,d1,l2
115,115,a1,b1,c2,d4,l1
116,116,a2,b2,c1,d2,l3
117,117,a1,b1,c2,d1,l3
118,118,a2,b1,c1,d1,l3
119,119,a1,b1,c3,d3,l2
120,120,a2,b1,c3,d1,l2
121,121,a1,b2,c2,d2,l3
122,122,a1,b1,c1,d1,l2
123,123,a1,b2,c2,d1,l2
124,124,a1,b1,c2,d1,l2
125,125,a1,b1,c1,d1,l3
126,126,a1,b1,c2,d2,l3
127,127,a1,b2,c1,d2,l3
128,128,a1,b1,c1,d1,l1
129,129,a1,b2,c2,d1,l1
130,130,a1,b1,c1,d1,l3
131,131,a1,b1,c1,d2,l1
132,132,a2,b2,c2,d1,l3
133,133,a1,b1,c2,d1,l1
134,134,a1,b1,c1,d1,l3
135,135,a1,b1,c1,d1,l1
136,136,a1,b1,c3,d2,l1
137,137,a1,b1,c2,d1,l2
138,138,a1,b2,c2,d3,l2
139,139,a1,b1,c3,d1,l1
140,140,a1,b2,c1,d2,l1
141,141,a1,b1,c2,d1,l2
142,142,a1,b1,c2,d4,l3
143,143,a1,b1,c1,d2,l3
144,144,a1,b1,c1,d2,l2
145,145,a1,b1,c1,d3,l1
146,146,a1,b1,c2,d3,l1
147,147,a1,b1,c3,d1,l1
148,148,a2,b1,c2,d1,l3
149,149,a1,b1,c2,d4,l3
150,150,a1,b2,c3,d2,l3
151,151,a1,b1,c1,d1,l1
152,152,a1,b1,c1,d1,l1
153,153,a1,b1,c1,d2,l2
154,154,a1,b1,c3,d2,l3
155,155,a1,b2,c1,d1,l1
156,156,a2,b1,c2,d1,l3
157,157,a1,b2,c3,d1,l3
158,158,a1,b1,c1,d1,l3
159,159,a2,b2,c1,d3,l1
160,160,a1,b1,c1,d1,l3
161,161,a1,b1,c2,d1,l1
162,162,a1,b1,c2,d1,l1
163,163,a1,b1,c2,d1,l3
164,164,a1,b1,c2,d4,l3
165,165,a2,b1,c1,d1,l2
166,166,a1,b1,c1,d4,l1
167,167,a2,b2,c3,d2,l3
168,168,a1,b1,c1,d2,l2
169,169,a1,b1,c1,d4,l3
170,170,a2,b1,c1,d1,l1
171,171,a1,b2,c2,d3,l2
172,172,a1,b1,c1,d1,l3
173,173,a1,b1,c1,d2,l1
174,174,a2,b1,c1,d1,l3
175,175,a2,b1,c1,d1,l1
176,176,a1,b2,c3,d4,l1
177,177,a1,b1,c2,d1,l2
178,178,a2,b1,c1,d4,l3
179,179,a1,b1,c1,d2,l2
180,180,a1,b1,c1,d3,l1
181,181,a1,b1,c2,d2,l3
182,182,a1,b2,c2,d1,l2
183,183,a1,b1,c2,d1,l2
184,184,a1,b2,c1,d1,l2
185,185,a1,b1,c1,d4,l1
186,186,a1,b1,c2,d1,l3
187,187,a1,b2,c2,d4,l3
188,188,a1,b2,c1,d1,l3
189,189,a1,b1,c3,d2,l2
190,190,a1,b1,c2,d3,l2
191,191,a1,b1,c2,d3,l3
192,192,a1,b1,c3,d2,l3
193,193,a1,b2,c2,d1,l2
194,194,a2,b1,c2,d2,l2
195,195,a1,b1,c1,d1,l2
196,196,a1,b1,c3,d1,l1
197,197,a1,b2,c2,d1,l3
198,198,a1,b2,c1,d1,l2
199,199,a1,b1,c3,d1,l2
200,200,a1,b1,c3,d1,l1
201,201,a1,b1,c2,d1,l1
202,202,a1,b1,c2,d2,l1
203,203,a1,b1,c3,d1,l3
204,204,a2,b1,c1,d1,l3
205,205,a1,b1,c3,d2,l2
206,206,a1,b1,c3,d1,l2
207,207,a1,b1,c2,d4,l3
208,208,a1,b1,c3,d3,l2
209,209,a1,b1,c2,d1,l1
210,210,a2,b1,c1,d2,l1
211,211,a1,b1,c3,d2,l3
212,212,a1,b1,c2,d1,l3
213,213,a2,b1,c1,d1,l3
214,214,a1,b1,c3,d1,l2
215,215,a1,b2,c1,d4,l3
216,216,a1,b1,c1,d1,l1
217,217,a1,b1,c1,d4,l2
218,218,a1,b2,c1,d1,l3
219,219,a2,b1,c1,d4,l3
220,220,a1,b1,c1,d3,l1
221,221,a1,b1,c1,d1,l1
222,222,a1,b1,c2,d4,l2
223,223,a1,b1,c3,d1,l2
224,224,a1,b1,c2,d4,l1
225,225,a2,b1,c1,d1,l1
226,226,a1,b2,c2,d4,l1
227,227,a1,b1,c1,d1,l2
228,228,a1,b1,c1,d1,l1
229,229,a1,b1,c1,d4,l3
230,230,a1,b1,c2,d1,l2
231,231,a1,b1,c1,d1,l1
232,232,a1,b1,c1,d1,l1
233,233,a1,b1,c2,d1,l1
234,234,a1,b1,c2,d1,l3
235,235,a1,b2,c1,d1,l1
236,236,a1,b1,c2,d1,l3
237,237,a1,b1,c1,d2,l2
238,238,a1,b2,c1,d1,l1
239,239,a1,b1,c1,d1,l2
240,240,a1,b1,c1,d2,l2
241,241,a1,b2,c1,d3,l1
242,242,a1,b1,c1,d2,l3
243,243,a1,b2,c1,d4,l2
244,244,a1,b2,c3,d1,l3
245,245,a1,b1,c1,d2,l2
246,246,a1,b2,c2,d1,l3
247,247,a1,b1,c3,d1,l1
248,248,a1,b2,c2,d1,l1
249,249,a1,b1,c1,d3,l2
250,250,a1,b1,c3,d2,l2
251,251,a1,b2,c3,d1,l1
252,252,a1,b1,c2,d2,l2
253,253,a1,b1,c1,d1,l1
254,254,a1,b1,c3,d1,l1
255,255,a2,b1,c1,d4,l3
256,256,a2,b1,c2,d2,l3
257,257,a1,b1,c1,d2,l2
258,258,a2,b2,c1,d3,l3
259,259,a1,b1,c1,d1,l3
260,260,a2,b2,c1,d2,l1
261,261,a1,b1,c2,d2,l1
262,262,a1,b1,c1,d1,l2
263,263,a1,b1,c1,d2,l3
264,264,a1,b2,c2,d1,l2
265,265,a1,b1,c1,d3,l3
266,266,a1,b1,c1,d1,l1
267,267,a1,b2,c3,d4,l1
268,268,a1,b2,c2,d1,l2
269,269,a1,b1,c3,d2,l3
270,270,a1,b1,c3,d2,l2
271,271,a1,b1,c2,d1,l2
272,272,a1,b1,c3,d2,l3
273,273,a1,b1,c3,d1,l3
274,274,a1,b1,c1,d3,l3
275,275,a1,b1,c1,d1,l1
276,276,a1,b1,c2,d1,l2
277,277,a1,b1,c2,d2,l1
278,278,a1,b2,c3,d1,l3
279,279,a1,b1,c1,d1,l3
280,280,a1,b1,c2,d2,l2
281,281,a1,b1,c1,d2,l2
282,282,a1,b1,c2,d4,l2
283,283,a1,b1,c3,d2,l2
284,284,a1,b1,c2,d1,l3
285,285,a1,b1,c3,d1,l2
286,286,a1,b1,c2,d1,l3
287,287,a1,b1,c2,d1,l2
288,288,a1,b1,c1,d1,l3
289,289,a1,b2,c2,d1,l1
290,290,a1,b2,c2,d1,l1
291,291,a2,b1,c2,d1,l1
292,292,a1,b2,c2,d2,l2
293,293,a1,b1,c3,d1,l3
294,294,a1,b1,c1,d1,l1
295,295,a1,b1,c2,d3,l1
296,296,a1,b1,c1,d1,l1
297,297,a1,b2,c1,d3,l1
298,298,a1,b1,c2,d2,l1
299,299,a1,b1,c2,d3,l2
300,300,a1,b1,c3,d1,l2
301,301,a1,b1,c2,d1,l1
302,302,a1,b1,c1,d3,l2
303,303,a1,b1,c2,d1,l2
304,304,a1,b1,c3,d2,l1
305,305,a1,b1,c2,d1,l2
306,306,a1,b1,c1,d4,l1
307,307,a1,b1,c1,d1,l1
308,308,a1,b1,c2,d1,l2
309,309,a1,b2,c1,d2,l3
310,310,a1,b1,c1,d1,l3
311,311,a1,b1,c1,d2,l3
312,312,a1,b1,c1,d3,l2
313,313,a1,b2,c2,d4,l3
314,314,a1,b2,c2,d1,l2
315,315,a1,b2,c1,d2,l2
316,316,a1,b1,c1,d3,l2
317,317,a1,b2,c2,d2,l2
318,318,a1,b1,c1,d4,l3
319,319,a1,b1,c2,d1,l3
320,320,a1,b1,c1,d4,l2
321,321,a1,b1,c3,d2,l1
322,322,a1,b1,c2,d2,l3
323,323,a1,b1,c1,d1,l2
324,324,a2,b2,c2,d4,l3
325,325,a1,b2,c1,d2,l3
326,326,a2,b1,c2,d2,l3
327,327,a2,b1,c2,d2,l2
328,328,a1,b1,c1,d1,l1
329,329,a1,b2,c2,d2,l2
330,330,a1,b2,c2,d1,l3
331,331,a1,b2,c3,d2,l1
332,332,a2,b2,c2,d3,l2
333,333,a1,b1,c2,d1,l1
334,334,a1,b1,c2,d2,l1
335,335,a1,b2,c1,d4,l3
336,336,a2,b1,c1,d2,l2
337,337,a1,b1,c1,d1,l2
338,338,a1,b1,c2,d2,l3
339,339,a1,b1,c3,d2,l2
340,340,a1,b1,c3,d1,l2
341,341,a1,b1,c3,d4,l3
342,342,a1,b1,c1,d1,l1
343,343,a1,b1,c1,d2,l2
344,344,a1,b2,c1,d3,l1
345,345,a1,b2,c1,d4,l2
346,346,a1,b1,c1,d1,l3
347,347,a1,b2,c3,d2,l1
348,348,a2,b1,c2,d2,l1
349,349,a1,b1,c3,d1,l2
350,350,a1,b1,c3,d1,l2
351,351,a1,b1,c2,d2,l2
352,352,a1,b1,c2,d1,l3
353,353,a1,b1,c2,d1,l2
354,354,a1,b2,c3,d2,l1
355,355,a1,b2,c1,d3,l1
356,356,a1,b1,c2,d2,l1
357,357,a1,b1,c1,d2,l3
358,358,a1,b1,c1,d1,l3
359,359,a1,b1,c2,d1,l1
360,360,a1,b1,c1,d1,l2
361,361,a1,b1,c3,d1,l2
362,362,a1,b1,c1,d1,l1
363,363,a1,b1,c2,d2,l2
364,364,a1,b1,c2,d2,l2
365,365,a1,b1,c1,d1,l3
366,366,a1,b1,c1,d1,l1
367,367,a1,b1,c1,d1,l3
368,368,a2,b2,c1,d2,l2
369,369,a1,b1,c1,d3,l1
370,370,a1,b1,c2,d2,l2
371,371,a1,b2,c1,d2,l1
372,372,a1,b2,c2,d4,l2
373,373,a1,b2,c3,d2,l3
374,374,a1,b1,c3,d2,l1
375,375,a1,b1,c2,d1,l3
376,376,a1,b1,c1,d1,l2
377,377,a1,b1,c2,d2,l2
378,378,a1,b1,c1,d2,l3
379,379,a1,b2,c1,d1,l1
380,380,a1,b1,c2,d1,l3
381,381,a1,b1,c3,d1,l3
382,382,a1,b1,c2,d3,l1
383,383,a1,b2,c2,d4,l1
384,384,a1,b1,c1,d2,l2
385,385,a1,b1,c3,d2,l2
386,386,a1,b1,c1,d1,l3
387,387,a1,b1,c2,d4,l3
388,388,a1,b1,c2,d2,l1
389,389,a1,b1,c2,d1,l1
390,390,a2,b1,c3,d2,l3
391,391,a1,b1,c3,d2,l3
392,392,a1,b2,c3,d2,l1
393,393,a1,b1,c1,d2,l3
394,394,a1,b1,c1,d2,l1
395,395,a2,b2,c1,d2,l1
396,396,a1,b1,c1,d1,l2
397,397,a1,b1,c3,d1,l3
398,398,a1,b1,c2,d1,l3
399,399,a1,b1,c3,d1,l1
400,400,a1,b1,c3,d1,l1
401,401,a2,b1,c1,d3,l2
402,402,a1,b1,c2,d2,l3
403,403,a1,b2,c1,d1,l3
404,404,a1,b1,c2,d1,l2
405,405,a1,b1,c2,d1,l3
406,406,a1,b1,c1,d1,l3
407,407,a1,b2,c2,d4,l2
408,408,a1,b1,c1,d1,l2
409,409,a1,b1,c2,d3,l1
410,410,a1,b1,c2,d2,l3
411,411,a2,b1,c2,d4,l1
412,412,a1,b1,c2,d1,l3
413,413,a1,b1,c2,d1,l1
414,414,a1,b2,c1,d4,l1
415,415,a2,b1,c2,d4,l1
416,416,a1,b1,c1,d1,l2
417,417,a1,b2,c3,d2,l2
418,418,a2,b1,c1,d4,l3
419,419,a1,b1,c1,d2,l2
420,420,a1,b2,c1,d4,l2
421,421,a1,b1,c1,d4,l2
422,422,a1,b1,c1,d3,l2
423,423,a1,b2,c2,d1,l3
424,424,a1,b1,c1,d1,l3
425,425,a1,b1,c1,d1,l1
426,426,a1,b1,c3,d2,l1
427,427,a1,b1,c1,d1,l3
428,428,a1,b1,c2,d1,l3
429,429,a1,b1,c1,d2,l3
430,430,a1,b1,c2,d1,l3
431,431,a1,b1,c2,d1,l2
432,432,a1,b2,c1,d1,l1
433,433,a1,b1,c2,d1,l2
434,434,a2,b2,c2,d1,l1
435,435,a1,b1,c1,d1,l1
436,436,a1,b1,c1,d1,l3
437,437,a1,b1,c3,d4,l3
438,438,a1,b2,c2,d2,l3
439,439,a1,b1,c3,d4,l2
440,440,a1,b1,c2,d2,l2
441,441,a1,b1,c1,d1,l1
442,442,a1,b1,c3,d3,l2
443,443,a1,b2,c1,d1,l3
444,444,a1,b1,c1,d1,l1
445,445,a1,b1,c2,d1,l2
446,446,a1,b2,c2,d2,l1
447,447,a1,b2,c2,d1,l2
448,448,a1,b2,c1,d1,l2
449,449,a1,b1,c1,d3,l2
450,450,a1,b1,c3,d1,l1
451,451,a1,b1,c3,d1,l1
452,452,a1,b2,c2,d4,l2
453,453,a2,b1,c2,d3,l1
454,454,a1,b2,c1,d1,l1
455,455,a1,b2,c2,d1,l3
456,456,a1,b1,c1,d2,l3
457,457,a1,b2,c2,d2,l1
458,458,a2,b1,c1,d2,l1
459,459,a1,b2,c1,d2,l3
460,460,a1,b1,c1,d1,l3
461,461,a1,b1,c3,d1,l2
462,462,a1,b1,c1,d2,l1
463,463,a1,b1,c3,d3,l1
464,464,a1,b2,c2,d2,l3
465,465,a1,b1,c1,d4,l2
466,466,a1,b2,c1,d1,l1
467,467,a1,b1,c1,d1,l2
468,468,a1,b1,c1,d2,l1
469,469,a1,b1,c2,d1,l1
470,470,a1,b1,c2,d2,l3
471,471,a1,b1,c3,d4,l2
472,472,a1,b2,c2,d2,l2
473,473,a1,b1,c2,d4,l2
474,474,a1,b2,c1,d3,l2
475,475,a1,b1,c1,d1,l1
476,476,a1,b1,c2,d1,l3
477,477,a1,b2,c2,d2,l2
478,478,a1,b1,c2,d2,l3
479,479,a1,b1,c3,d1,l3
480,480,a1,b1,c2,d1,l1
481,481,a1,b1,c1,d1,l2
482,482,a1,b2,c3,d3,l1
483,483,a1,b2,c3,d1,l2
484,484,a1,b1,c1,d1,l2
485,485,a1,b1,c2,d2,l2
486,486,a1,b1,c3,d2,l3
487,487,a1,b2,c1,d1,l1
488,488,a1,b1,c1,d1,l3
489,489,a1,b2,c1,d1,l1
490,490,a1,b1,c1,d1,l2
491,491,a1,b1,c1,d1,l3
492,492,a1,b1,c1,d2,l3
493,493,a1,b2,c1,d1,l1
494,494,a1,b1,c1,d1,l2
495,495,a1,b1,c1,d1,l1
496,496,a1,b2,c1,d1,l2
497,497,a1,b1,c1,d2,l2
498,498,a1,b1,c2,d3,l3
499,499,a1,b1,c2,d1,l3
500,500,a1,b1,c1,d2,l3
501,501,a1,b2,c2,d4,l1
502,502,a1,b2,c2,d2,l1
503,503,a1,b1,c3,d4,l3
504,504,a1,b2,c3,d1,l2
505,505,a1,b2,c3,d2,l3
506,506,a1,b2,c1,d1,l2
507,507,a1,b1,c2,d1,l1
508,508,a1,b2,c2,d1,l1
509,509,a2,b2,c2,d1,l1
510,510,a1,b1,c2,d1,l1
511,511,a1,b2,c1,d2,l2
512,512,a1,b2,c2,d1,l3
513,513,a2,b1,c3,d1,l3
514,514,a1,b1,c3,d2,l2
515,515,a1,b1,c1,d2,l2
516,516,a1,b1,c1,d4,l2
517,517,a1,b1,c1,d1,l3
518,518,a1,b1,c1,d1,l3
519,519,a1,b1,c3,d1,l2
520,520,a1,b2,c1,d1,l1
521,521,a1,b1,c2,d4,l2
522,522,a1,b1,c1,d1,l2
523,523,a1,b2,c3,d1,l1
524,524,a1,b1,c1,d1,l1
525,525,a2,b2,c3,d1,l3
526,526,a1,b1,c2,d1,l2
527,527,a2,b2,c1,d4,l3
528,528,a1,b1,c2,d1,l3
529,529,a2,b1,c1,d1,l1
530,530,a1,b1,c2,d1,l3
531,531,a1,b1,c1,d4,l2
532,532,a1,b2,c2,d1,l1
533,533,a1,b1,c2,d3,l2
534,534,a1,b1,c2,d1,l1
535,535,a1,b1,c3,d1,l2
536,536,a1,b1,c2,d1,l1
537,537,a1,b1,c1,d1,l3
538,538,a1,b1,c1,d4,l3
539,539,a1,b1,c2,d2,l3
540,540,a1,b1,c3,d2,l1
541,541,a2,b2,c1,d1,l1
542,542,a2,b1,c3,d1,l1
543,543,a1,b1,c2,d1,l3
544,544,a1,b1,c2,d1,l2
545,545,a2,b2,c3,d1,l2
546,546,a1,b1,c3,d1,l3
547,547,a2,b1,c1,d1,l1
548,548,a1,b1,c2,d2,l3
549,549,a1,b1,c1,d4,l3
550,550,a1,b1,c3,d1,l2
551,551,a1,b1,c1,d4,l3
552,552,a1,b1,c1,d1,l2
553,553,a2,b2,c3,d1,l1
554,554,a1,b1,c1,d1,l1
555,555,a1,b1,c3,d2,l2
556,556,a1,b1,c3,d1,l3
557,557,a1,b1,c2,d4,l3
558,558,a1,b2,c1,d2,l3
559,559,a1,b1,c1,d1,l1
560,560,a1,b1,c2,d1,l2
561,561,a1,b1,c2,d1,l1
562,562,a1,b1,c1,d1,l2
563,563,a1,b1,c1,d4,l2
564,564,a1,b1,c1,d4,l3
565,565,a1,b1,c3,d2,l2
566,566,a1,b1,c1,d4,l1
567,567,a1,b1,c1,d3,l1
568,568,a1,b2,c1,d3,l2
569,569,a2,b1,c1,d2,l1
570,570,a2,b1,c3,d1,l2
571,571,a1,b1,c1,d1,l2
572,572,a1,b1,c3,d3,l1
573,573,a1,b2,c2,d4,l3
574,574,a1,b1,c2,d1,l3
575,575,a1,b1,c1,d1,l3
576,576,a1,b1,c1,d3,l1
577,577,a1,b2,c3,d2,l1
578,578,a1,b1,c3,d2,l3
579,579,a1,b1,c1,d3,l1
580,580,a1,b1,c3,d1,l2
581,581,a1,b1,c2,d1,l2
582,582,a1,b1,c2,d4,l1
583,583,a1,b1,c1,d4,l3
584,584,a1,b2,c1,d1,l3
585,585,a1,b1,c3,d4,l1
586,586,a2,b1,c3,d2,l3
587,587,a1,b1,c1,d2,l3
588,588,a1,b1,c2,d2,l3
589,589,a1,b1,c1,d1,l3
590,590,a1,b1,c1,d1,l1
591,591,a1,b1,c3,d2,l1
592,592,a1,b1,c3,d1,l1
593,593,a1,b1,c2,d4,l2
594,594,a1,b2,c2,d1,l3
595,595,a1,b1,c2,d3,l3
596,596,a1,b1,c1,d1,l1
597,597,a1,b1,c1,d4,l3
598,598,a1,b1,c2,d3,l3
599,599,a1,b2,c2,d3,l3
600,600,a1,b1,c1,d3,l3
601,601,a1,b2,c1,d1,l1
602,602,a1,b2,c1,d1,l1
603,603,a1,b2,c1,d1,l2
604,604,a1,b1,c1,d4,l2
605,605,a1,b1,c1,d2,l2
606,606,a1,b1,c1,d4,l2
607,607,a1,b2,c1,d2,l2
608,608,a1,b1,c3,d1,l2
609,609,a1,b1,c1,d2,l3
610,610,a1,b2,c3,d2,l2
611,611,a1,b2,c2,d1,l1
612,612,a2,b1,c1,d1,l3
613,613,a1,b1,c1,d3,l3
614,614,a2,b2,c2,d2,l2
615,615,a1,b2,c1,d1,l2
616,616,a1,b1,c2,d1,l1
617,617,a1,b1,c3,d2,l1
618,618,a1,b2,c1,d1,l1
619,619,a1,b1,c1,d2,l2
620,620,a1,b1,c3,d2,l2
621,621,a2,b2,c2,d1,l1
622,622,a1,b1,c1,d2,l1
623,623,a2,b2,c1,d1,l3
624,624,a1,b2,c1,d3,l2
625,625,a1,b1,c3,d2,l2
626,626,a1,b1,c2,d3,l1
627,627,a1,b2,c3,d1,l3
628,628,a1,b1,c1,d1,l1
629,629,a1,b1,c1,d3,l1
630,630,a1,b2,c2,d3,l1
631,631,a1,b1,c1,d2,l1
632,632,a1,b2,c2,d1,l2
633,633,a1,b1,c1,d1,l2
634,634,a1,b2,c1,d1,l1
635,635,a1,b1,c1,d4,l2
636,636,a1,b2,c2,d1,l3
637,637,a1,b2,c2,d2,l2
638,638,a1,b1,c1,d2,l3
639,639,a1,b1,c2,d1,l2
640,640,a1,b1,c1,d1,l1
641,641,a1,b1,c3,d1,l2
642,642,a1,b2,c3,d3,l3
643,643,a1,b2,c1,d1,l2
644,644,a1,b1,c2,d1,l3
645,645,a1,b1,c1,d1,l1
646,646,a1,b2,c1,d1,l3
647,647,a1,b1,c1,d2,l2
648,648,a1,b1,c1,d2,l1
649,649,a1,b1,c1,d2,l3
650,650,a1,b1,c1,d2,l2
651,651,a1,b1,c1,d4,l1
652,652,a1,b1,c3,d3,l1
653,653,a1,b2,c1,d2,l2
654,654,a1,b1,c1,d2,l1
655,655,a1,b1,c2,d2,l2
656,656,a2,b2,c3,d1,l1
657,657,a1,b1,c2,d4,l2
658,658,a1,b2,c2,d4,l1
659,659,a2,b1,c1,d2,l1
660,660,a2,b1,c2,d1,l3
661,661,a1,b2,c2,d2,l2
662,662,a1,b1,c2,d2,l3
663,663,a1,b1,c2,d1,l3
664,664,a1,b2,c1,d2,l2
665,665,a1,b2,c2,d3,l3
666,666,a1,b2,c2,d1,l1
667,667,a1,b2,c2,d2,l3
668,668,a1,b1,c2,d2,l1
669,669,a1,b1,c1,d3,l1
670,670,a1,b2,c2,d1,l3
671,671,a1,b1,c1,d1,l2
672,672,a1,b1,c1,d4,l1
673,673,a1,b2,c3,d4,l3
674,674,a1,b1,c3,d4,l2
675,675,a1,b1,c3,d1,l1
676,676,a1,b1,c1,d2,l1
677,677,a2,b2,c1,d1,l3
678,678,a1,b1,c2,d1,l1
679,679,a1,b1,c1,d1,l1
680,680,a1,b1,c2,d1,l2
681,681,a1,b1,c2,d2,l1
682,682,a1,b1,c2,d1,l3
683,683,a1,b2,c1,d1,l3
684,684,a1,b1,c1,d1,l3
685,685,a1,b1,c1,d1,l3
686,686,a1,b1,c2,d3,l1
687,687,a1,b1,c1,d1,l3
688,688,a1,b2,c1,d2,l1
689,689,a1,b1,c2,d4,l1
690,690,a1,b1,c1,d1,l3
691,691,a1,b2,c2,d4,l1
692,692,a1,b1,c1,d1,l2
693,693,a1,b1,c1,d1,l1
694,694,a1,b1,c3,d1,l1
695,695,a1,b2,c2,d1,l2
696,696,a1,b1,c2,d4,l2
697,697,a1,b1,c1,d3,l2
698,698,a1,b1,c2,d3,l2
699,699,a1,b1,c1,d4,l3
700,700,a1,b1,c1,d4,l1
701,701,a1,b1,c1,d1,l1
702,702,a1,b1,c1,d2,l3
703,703,a1,b1,c1,d4,l1
704,704,a1,b1,c1,d4,l3
705,705,a1,b1,c1,d1,l1
706,706,a1,b2,c1,d1,l3
707,707,a1,b1,c2,d3,l2
708,708,a1,b1,c2,d1,l2
709,709,a1,b1,c2,d3,l3
710,710,a1,b1,c1,d2,l3
711,711,a1,b2,c1,d3,l2
712,712,a1,b2,c2,d2,l2
713,713,a1,b1,c3,d1,l2
714,714,a1,b2,c3,d4,l2
715,715,a1,b1,c3,d1,l2
716,716,a1,b2,c1,d3,l2
717,717,a1,b2,c2,d1,l1
718,718,a1,b2,c2,d1,l2
719,719,a1,b2,c1,d1,l3
720,720,a1,b1,c1,d1,l1
721,721,a1,b1,c3,d2,l3
722,722,a1,b2,c2,d2,l2
723,723,a1,b1,c2,d1,l1
724,724,a1,b1,c1,d4,l1
725,725,a1,b1,c3,d1,l3
726,726,a1,b1,c1,d1,l2
727,727,a1,b1,c1,d3,l1
728,728,a1,b2,c2,d1,l2
729,729,a1,b2,c3,d3,l2
730,730,a1,b1,c1,d1,l3
731,731,a1,b1,c1,d2,l2
732,732,a1,b1,c1,d1,l3
733,733,a1,b1,c3,d3,l2
734,734,a1,b2,c2,d1,l1
735,735,a1,b2,c2,d3,l3
736,736,a1,b2,c1,d1,l2
737,737,a1,b1,c3,d1,l1
738,738,a1,b2,c1,d2,l3
739,739,a1,b2,c3,d2,l1
740,740,a1,b2,c2,d1,l2
741,741,a2,b1,c3,d1,l2
742,742,a1,b1,c1,d1,l2
743,743,a1,b2,c1,d4,l3
744,744,a1,b1,c2,d1,l3
745,745,a1,b1,c3,d3,l2
746,746,a1,b1,c1,d2,l2
747,747,a1,b1,c1,d1,l2
748,748,a1,b1,c2,d2,l3
749,749,a1,b2,c2,d3,l1
750,750,a1,b1,c1,d1,l2
751,751,a1,b1,c2,d4,l2
752,752,a1,b1,c2,d1,l1
753,753,a1,b1,c1,d4,l2
754,754,a1,b1,c1,d3,l2
755,755,a2,b2,c3,d1,l2
756,756,a1,b1,c1,d3,l3
757,757,a1,b1,c1,d4,l3
758,758,a1,b1,c2,d4,l1
759,759,a1,b1,c1,d1,l2
760,760,a1,b1,c2,d4,l3
761,761,a1,b1,c2,d1,l3
762,762,a1,b1,c3,d4,l1
763,763,a1,b1,c2,d4,l1
764,764,a1,b1,c1,d1,l3
765,765,a1,b1,c2,d1,l3
766,766,a1,b1,c1,d1,l1
767,767,a1,b1,c3,d1,l1
768,768,a1,b1,c3,d4,l2
769,769,a1,b1,c2,d2,l1
770,770,a1,b1,c1,d4,l3
771,771,a1,b1,c2,d1,l1
772,772,a1,b1,c3,d2,l3
773,773,a1,b1,c1,d2,l3
774,774,a1,b1,c1,d4,l2
775,775,a1,b2,c1,d3,l1
776,776,a1,b1,c3,d4,l3
777,777,a1,b1,c2,d2,l1
778,778,a1,b1,c1,d3,l3
779,779,a1,b2,c2,d1,l3
780,780,a1,b2,c2,d2,l2
781,781,a1,b1,c1,d1,l3
782,782,a1,b1,c1,d4,l2
783,783,a1,b1,c3,d3,l2
784,784,a1,b1,c1,d1,l1
785,785,a1,b1,c2,d1,l2
786,786,a1,b1,c3,d4,l3
787,787,a1,b1,c1,d1,l1
788,788,a1,b1,c2,d1,l1
789,789,a1,b1,c2,d1,l1
790,790,a1,b2,c2,d3,l2
791,791,a1,b1,c1,d2,l1
792,792,a1,b1,c1,d2,l1
793,793,a1,b2,c1,d1,l1
794,794,a1,b2,c1,d1,l2
795,795,a2,b1,c1,d2,l2
796,796,a1,b1,c3,d3,l1
797,797,a1,b2,c1,d1,l2
798,798,a1,b1,c1,d1,l3
799,799,a1,b1,c1,d1,l3
800,800,a1,b1,c1,d4,l1
801,801,a1,b2,c2,d1,l3
802,802,a1,b1,c1,d2,l1
803,803,a1,b1,c3,d3,l1
804,804,a1,b1,c1,d4,l3
805,805,a1,b1,c1,d1,l1
806,806,a2,b2,c2,d2,l3
807,807,a1,b2,c1,d1,l3
808,808,a1,b1,c2,d1,l2
809,809,a1,b1,c3,d2,l1
810,810,a1,b1,c3,d1,l3
811,811,a1,b1,c1,d2,l2
812,812,a1,b1,c3,d3,l3
813,813,a1,b1,c1,d3,l1
814,814,a1,b2,c1,d2,l3
815,815,a1,b1,c3,d4,l2
816,816,a1,b1,c3,d4,l1
817,817,a1,b1,c1,d3,l3
818,818,a1,b1,c1,d2,l3
819,819,a2,b1,c1,d4,l3
820,820,a1,b1,c1,d3,l1
821,821,a1,b1,c2,d1,l3
822,822,a1,b1,c1,d1,l3
823,823,a1,b1,c1,d2,l1
824,824,a2,b1,c2,d1,l1
825,825,a1,b2,c1,d1,l1
826,826,a1,b1,c2,d2,l2
827,827,a1,b1,c3,d4,l1
828,828,a2,b1,c1,d4,l1
829,829,a1,b2,c1,d1,l2
830,830,a1,b1,c2,d2,l2
831,831,a1,b2,c1,d2,l2
832,832,a1,b1,c2,d1,l1
833,833,a1,b1,c3,d1,l3
834,834,a1,b1,c2,d4,l1
835,835,a1,b1,c3,d4,l3
836,836,a1,b1,c1,d1,l3
837,837,a1,b1,c1,d1,l2
838,838,a1,b1,c2,d2,l1
839,839,a1,b1,c1,d1,l2
840,840,a1,b1,c1,d1,l1
841,841,a1,b1,c1,d2,l3
842,842,a1,b2,c1,d4,l3
843,843,a1,b2,c2,d1,l3
844,844,a1,b2,c1,d3,l3
845,845,a2,b2,c2,d1,l1
846,846,a1,b2,c3,d4,l1
847,847,a1,b1,c3,d2,l2
848,848,a1,b1,c2,d2,l2
849,849,a1,b1,c2,d3,l2
850,850,a1,b1,c2,d1,l1
851,851,a1,b1,c3,d3,l2
852,852,a1,b2,c2,d2,l2
853,853,a1,b1,c1,d4,l2
854,854,a2,b2,c2,d3,l1
855,855,a1,b2,c3,d1,l2
856,856,a1,b2,c2,d3,l3
857,857,a1,b1,c2,d1,l2
858,858,a1,b1,c1,d1,l1
859,859,a1,b1,c2,d1,l3
860,860,a1,b1,c2,d1,l3
861,861,a1,b2,c2,d1,l1
862,862,a1,b2,c3,d2,l1
863,863,a1,b2,c1,d1,l1
864,864,a1,b2,c1,d3,l2
865,865,a1,b1,c3,d4,l3
866,866,a1,b1,c3,d1,l3
867,867,a1,b2,c1,d3,l3
868,868,a1,b2,c2,d1,l1
869,869,a1,b1,c2,d3,l2
870,870,a1,b2,c1,d2,l1
871,871,a1,b1,c3,d1,l1
872,872,a1,b2,c3,d1,l1
873,873,a1,b1,c1,d1,l1
874,874,a1,b1,c2,d1,l2
875,875,a2,b2,c3,d1,l3
876,876,a1,b1,c1,d2,l1
877,877,a1,b1,c1,d3,l2
878,878,a1,b2,c2,d2,l3
879,879,a1,b1,c2,d1,l3
880,880,a1,b2,c2,d3,l1
881,881,a1,b1,c1,d2,l3
882,882,a2,b1,c2,d2,l3
883,883,a1,b1,c1,d1,l1
884,884,a1,b1,c1,d1,l2
885,885,a1,b1,c3,d1,l1
886,886,a1,b1,c3,d1,l1
887,887,a1,b1,c1,d1,l1
888,888,a1,b2,c2,d1,l1
889,889,a1,b2,c2,d2,l1
890,890,a1,b1,c2,d4,l2
891,891,a1,b1,c1,d4,l1
892,892,a1,b1,c1,d1,l1
893,893,a1,b1,c2,d2,l2
894,894,a2,b1,c3,d3,l2
895,895,a1,b2,c1,d2,l2
896,896,a1,b1,c3,d3,l2
897,897,a1,b1,c1,d3,l1
898,898,a1,b1,c3,d2,l2
899,899,a1,b1,c2,d1,l1
900,900,a1,b1,c3,d3,l1
901,901,a1,b1,c2,d2,l2
902,902,a1,b1,c2,d1,l2
903,903,a1,b1,c3,d1,l1
904,904,a2,b1,c1,d3,l3
905,905,a1,b1,c2,d4,l3
906,906,a1,b1,c3,d2,l2
907,907,a2,b2,c2,d2,l2
908,908,a1,b2,c2,d2,l2
909,909,a1,b1,c3,d3,l1
910,910,a2,b2,c1,d1,l2
911,911,a1,b1,c1,d1,l1
912,912,a1,b2,c2,d2,l2
913,913,a1,b2,c1,d1,l1
914,914,a1,b2,c1,d2,l3
915,915,a1,b1,c2,d4,l3
916,916,a1,b1,c1,d1,l3
917,917,a1,b1,c1,d4,l1
918,918,a1,b1,c3,d1,l1
919,919,a1,b1,c1,d2,l3
920,920,a1,b1,c2,d1,l1
921,921,a1,b2,c1,d1,l3
922,922,a1,b1,c2,d3,l3
923,923,a1,b2,c1,d4,l2
924,924,a1,b2,c1,d1,l2
925,925,a2,b2,c2,d1,l3
926,926,a1,b1,c2,d2,l3
927,927,a1,b1,c1,d2,l3
928,928,a1,b2,c2,d1,l1
929,929,a1,b1,c3,d2,l3
930,930,a1,b2,c2,d2,l1
931,931,a1,b1,c2,d1,l2
932,932,a1,b1,c1,d1,l2
933,933,a1,b1,c2,d1,l1
934,934,a2,b1,c2,d4,l2
935,935,a1,b1,c1,d1,l2
936,936,a1,b1,c1,d3,l2
937,937,a1,b1,c2,d3,l1
938,938,a1,b2,c1,d1,l3
939,939,a1,b1,c1,d1,l2
940,940,a1,b2,c3,d4,l1
941,941,a1,b1,c1,d2,l3
942,942,a1,b1,c3,d1,l1
943,943,a1,b1,c2,d3,l2
944,944,a1,b1,c2,d2,l1
945,945,a1,b1,c2,d1,l1
946,946,a1,b2,c2,d1,l3
947,947,a1,b2,c2,d3,l2
948,948,a1,b1,c2,d1,l3
949,949,a1,b2,c2,d2,l2
950,950,a1,b2,c1,d2,l1
951,951,a1,b2,c1,d3,l3
952,952,a1,b1,c2,d1,l2
953,953,a1,b1,c3,d1,l3
954,954,a1,b1,c1,d1,l3
955,955,a1,b1,c1,d1,l1
956,956,a1,b1,c1,d1,l1
957,957,a1,b1,c2,d3,l3
958,958,a1,b1,c1,d1,l1
959,959,a2,b1,c1,d1,l1
960,960,a1,b1,c1,d1,l3
961,961,a2,b1,c2,d1,l3
962,962,a2,b1,c2,d1,l2
963,963,a1,b1,c1,d2,l3
964,964,a1,b2,c3,d1,l2
965,965,a1,b2,c2,d1,l3
966,966,a1,b2,c1,d3,l2
967,967,a1,b1,c2,d4,l1
968,968,a2,b2,c1,d4,l2
969,969,a1,b2,c3,d2,l3
970,970,a1,b1,c3,d4,l2
971,971,a1,b1,c2,d1,l1
972,972,a1,b1,c1,d2,l2
973,973,a1,b1,c2,d1,l1
974,974,a1,b2,c1,d2,l2
975,975,a1,b1,c1,d1,l2
976,976,a1,b1,c2,d4,l1
977,977,a1,b2,c3,d1,l2
978,978,a1,b2,c2,d3,l2
979,979,a1,b1,c1,d1,l2
980,980,a1,b2,c1,d3,l3
981,981,a1,b1,c1,d1,l3
982,982,a1,b1,c2,d2,l3
983,983,a1,b1,c1,d4,l3
984,984,a1,b1,c1,d2,l1
985,985,a1,b1,c2,d1,l1
986,986,a1,b1,c2,d3,l2
987,987,a1,b2,c1,d2,l2
988,988,a1,b1,c3,d1,l3
989,989,a1,b1,c1,d4,l2
990,990,a1,b1,c1,d1,l2
991,991,a1,b1,c3,d3,l2
992,992,a1,b1,c1,d2,l1
993,993,a1,b1,c3,d2,l3
994,994,a1,b1,c2,d2,l2
995,995,a1,b2,c2,d2,l3
996,996,a1,b1,c1,d1,l1
997,997,a1,b1,c2,d1,l1
998,998,a2,b1,c2,d1,l1
999,999,a1,b1,c2,d2,l3
